ID,Name,Gender,County,Interests,Seeking
1,Ada,Nonbinary,Suffolk,"Swimming, Football",nonbinary
2,Addison,Nonbinary,Suffolk,"Cricket, Rugby",nonbinary
3,Adrian,Nonbinary,Norfolk,"Cricket, Rugby",nonbinary
4,Ainsley,Nonbinary,Essex,"Football, Running, Gym",nonbinary
5,Alex,Nonbinary,Norfolk,"Running, Football, Swimming",nonbinary
6,Andy,Nonbinary,Essex,"Running, Cricket, Swimming, Badminton",nonbinary
7,Ari,Nonbinary,Norfolk,"Football, Running",nonbinary
8,Ash,Nonbinary,Essex,"Tennis, Swimming",nonbinary
9,Aspen,Nonbinary,Cambridgeshire,"Football, Badminton",nonbinary
10,Aubrey,Nonbinary,Essex,"Football, Running",Male
11,Azariah,Nonbinary,Suffolk,"Cricket, Cycling, Football, Tennis",Male
12,Bailey,Nonbinary,Norfolk,"Swimming, Running",Male
13,Bay,Nonbinary,Essex,Football,Female
14,Blaine,Nonbinary,Norfolk,Rugby,Male
15,Bobbie,Nonbinary,Cambridgeshire,"Football, Running,Hockey",Female
16,Brett,Nonbinary,Essex,"Football, Running",Male
17,Brook,Nonbinary,Suffolk,Cricket,nonbinary
18,Caelan,Nonbinary,Suffolk,"Football, Cricket, Rugby, Cycling",Female
19,Campbell,Nonbinary,Cambridgeshire,"Cricket, Running, Tennis, Swimming",Male
20,Carroll,Nonbinary,Suffolk,Cycling,Male
21,Carter,Nonbinary,Essex,"Cricket, Swimming, Tennis, Rugby",Male
22,Charlie,Nonbinary,Essex,"Tennis, Football, Rugby, Cycling",Male
23,Chris,Nonbinary,Norfolk,Swimming,Male
24,Clay,Nonbinary,Cambridgeshire,"Swimming, Football, Cycling, Running",nonbinary
25,Corey,Nonbinary,Suffolk,"Tennis, Swimming",nonbinary
26,Dana,Nonbinary,Cambridgeshire,"Swimming, Running",nonbinary
27,Dakota,Nonbinary,Suffolk,Tennis,nonbinary
28,Dale,Nonbinary,Suffolk,"Swimming, Cricket, Hockey",Female
29,Daryl,Nonbinary,Cambridgeshire,"Football, Running",Male
30,Dev,Nonbinary,Norfolk,"Football, Running, Badminton",Male
31,Devin,Nonbinary,Cambridgeshire,"Swimming, Football, Running, Tennis",Male
32,Dorian,Nonbinary,Suffolk,"Running, Cricket, Boxing",nonbinary
33,Drew,Nonbinary,Cambridgeshire,Tennis,nonbinary
34,Eddie,Nonbinary,Suffolk,"Running, Cycling, Swimming",Male
35,Eli,Nonbinary,Norfolk,"Rugby, Swimming",nonbinary
36,Elliott,Nonbinary,Essex,"Football, Running",Male
37,Frances,Nonbinary,Suffolk,"Cricket, Running, Rugby, Cycling",nonbinary
38,Frankie,Nonbinary,Suffolk,"Tennis, Cycling",Male
39,Gabriel,Nonbinary,Essex,"Swimming, Rugby",nonbinary
40,Glenn,Nonbinary,Cambridgeshire,"Cycling, Running",Male
41,Gray,Nonbinary,Norfolk,"Football, Running, Tennis",Female
42,Harper,Nonbinary,Norfolk,"Football, Running",Male
43,Hayden,Nonbinary,Essex,"Cricket, Cycling, Tennis",nonbinary
44,Indi,Nonbinary,Cambridgeshire,"Football, Running",Male
45,Indiana,Nonbinary,Suffolk,Cricket,nonbinary
46,Jace,Nonbinary,Norfolk,"Football, Cycling, Rugby, Cricket",Female
47,Jacki,Nonbinary,Suffolk,"Football, Swimming, Running, Rugby",Female
48,Jackson,Nonbinary,Suffolk,"Football, Running",Male
49,Jamie,Nonbinary,Essex,"Football, Running",Female
50,Jean,Nonbinary,Suffolk,"Running, Football, Cricket",Female
51,Jesse,Nonbinary,Essex,"Running, Cricket",nonbinary
52,Jerri,Nonbinary,Essex,"Rugby, Cricket, Cycling, Swimming",Male
53,Jordan,Nonbinary,Norfolk,Cricket,Male
54,Jordyn,Nonbinary,Essex,"Football, Cycling",nonbinary
55,Jules,Nonbinary,Essex,"Football, Running",nonbinary
56,Julian,Nonbinary,Suffolk,"Football, Rugby",nonbinary
57,Kaden,Nonbinary,Cambridgeshire,"Football, Rugby, Tennis, Gym",nonbinary
58,Kel,Nonbinary,Suffolk,Rugby,nonbinary
59,Kelly,Nonbinary,Suffolk,"Tennis, Football, Swimming, Rugby",Male
60,Kennedy,Nonbinary,Norfolk,"Rugby, Running",Male
61,Lake,Nonbinary,Norfolk,"Swimming, Cycling, Tennis, Gym",Male
62,Logan,Nonbinary,Norfolk,"Swimming, Football, Cricket, Rugby",Male
63,Lyric,Nonbinary,Essex,Running,Female
64,Ly,Nonbinary,Suffolk,"Cricket, Football",Female
65,Lz,Nonbinary,Cambridgeshire,"Cycling, Rugby, Football, Gym",Female
66,Max,Nonbinary,Cambridgeshire,"Football, Swimming, Running",Male
67,Manny,Nonbinary,Suffolk,"Football, Cycling, Running",Female
68,Morgan,Nonbinary,Suffolk,Cricket,Male
69,Oakley,Nonbinary,Essex,"Cricket, Swimming",Male
70,Oli,Nonbinary,Cambridgeshire,"Swimming, Football, Cricket, Cycling",nonbinary
71,Orion,Nonbinary,Norfolk,"Football, Running",nonbinary
72,Pat,Nonbinary,Suffolk,"Rugby, Cricket",nonbinary
73,Peyton,Nonbinary,Cambridgeshire,"Rugby, Gym",nonbinary
74,Ray,Nonbinary,Essex,"Football, Cycling, Rugby",Male
75,Reed,Nonbinary,Cambridgeshire,"Tennis, Cricket, Cycling, Rugby",nonbinary
76,Ri,Nonbinary,Suffolk,"Tennis, Running",nonbinary
77,Riley,Nonbinary,Essex,"Cycling, Running, Football",Male
78,River,Nonbinary,Norfolk,"Tennis, Football",Male
79,Roan,Nonbinary,Suffolk,"Tennis, Running, Swimming",nonbinary
80,Rudy,Nonbinary,Norfolk,"Football, Cricket, Cycling, Swimming",nonbinary
81,Ry,Nonbinary,Suffolk,"Running, Rugby, Tennis",Female
82,Ryan,Nonbinary,Norfolk,"Football, Running",Female
83,Rz,Nonbinary,Suffolk,Tennis,Female
84,Sal,Nonbinary,Suffolk,"Tennis, Rugby, Cricket",Female
85,Sage,Nonbinary,Suffolk,"Tennis, Cricket, Swimming, Running",Male
86,Sam,Nonbinary,Cambridgeshire,"Rugby, Running, Tennis",Male
87,Shawn,Nonbinary,Cambridgeshire,"Football, Running",nonbinary
88,Sean,Nonbinary,Norfolk,"Football, Badminton",nonbinary
89,Stevie,Nonbinary,Norfolk,Cricket,Male
90,Tanner,Nonbinary,Cambridgeshire,"Football, Running, Rugby, Badminton",Male
91,Taylor,Nonbinary,Essex,"Rugby, Cycling",nonbinary
92,Tatum,Nonbinary,Essex,"Rugby, Football, Cycling, Cricket",nonbinary
93,Terry,Nonbinary,Suffolk,"Tennis, Cricket, Golf, Badminton",Male
94,Toby,Nonbinary,Cambridgeshire,"Tennis, Cricket, Rugby, Swimming",nonbinary
95,Tyler,Nonbinary,Cambridgeshire,"Rugby, Running",Male
96,Val,Nonbinary,Cambridgeshire,"Cycling, Football, Golf",nonbinary
97,West,Nonbinary,Suffolk,"Running, Tennis, Badminton",Female
98,Winter,Nonbinary,Essex,"Running, Rugby, Cycling, Cricket",Male
99,Zion,Nonbinary,Norfolk,"Swimming, Running, Cricket, Cycling",nonbinary
100,Zi,Nonbinary,Cambridgeshire,"Football, Running",nonbinary
